1,1,2021-11-17 17:46:45,2021-11-17 17:46:45,搜狐,https://www.sohu.com/a/,,1
2,1,2021-11-17 17:46:45,2021-11-17 17:46:45,搜狐,http://www.sohu.com/a/,,1
3,1,2021-11-17 17:46:45,2021-11-17 17:46:45,搜狐,http://sohu.com/a/,,1
4,1,2021-11-17 17:46:45,2021-11-17 17:46:45,搜狐,https://sohu.com/a/,,1
5,1,2021-11-17 17:46:45,2021-11-17 17:46:45,搜狐新闻,3g.k.sohu.com/,,1
6,1,2021-11-17 17:46:45,2021-11-17 17:46:45,搜狐新闻,m.k.sohu.com/,,1
7,1,2021-11-17 17:46:45,2021-11-17 17:46:45,网易,https://www.163.com/dy/article,,1
8,1,2021-11-17 17:46:45,2021-11-17 17:46:45,网易,http://www.163.com/dy/article,,1
9,1,2021-11-17 17:46:45,2021-11-17 17:46:45,网易,https://c.m.163.com/news,,1
10,1,2021-11-17 17:46:45,2021-11-17 17:46:45,网易,http://c.m.163.com/news,,1

